Code,Name,Department code,Position code,Birthday,Hire date,Role code,Email,Password
1,Employee 1,depart_01,post_01,1994/04/05,2024/06,role_01,email_1@email.com,12345
2,Employee 2,depart_01,post_01,1994/04/05,2024/06,role_01,email_1@email.com,12345
3,Employee 3,department_01,post_01,1994/04/05,2024/06/01,role_01,email_3@email.com,12345
4,Employee 4,depart_01,post_01,1994/04/05/06,2024/06,role_01,email_4@email.com,
5,Employee 5,depart_01,post_01,1994/04/05,2024/06,role_01,email_1@email.com,12345
6,Employee 6,depart_01,post_01,1994/04/05,2024/06,role_01,email_6@email.com,12345
7,Employee 7,depart_01,post_01,1994/04/05,2024/06,role_01,email_7@email.com,12345
8,Employee 8,depart_01,post_01,1994/04/05,2024/06,role_01,email_8@email.com,12345
9,Employee 9,depart_01,post_01,1994/04/05,2024/06,role_01,email_9@email.com,12345
10,Employee 10,depart_01,post_01,1994/04/05,2024/06,role_01,email_10@email.com,12345
11,Employee 11,depart_01,post_01,1994/04/05,2024/06,role_01,email_11@email.com,12345
12,Employee 12,depart_01,post_01,1994/04/05,2024/06,role_01,email_12@email.com,12345
13,Employee 13,depart_01,post_01,1994/04/05,2024/06,role_01,email_13@email.com,12345
14,Employee 14,depart_01,post_01,1994/04/05,2024/06,role_01,email_14@email.com,12345
15,Employee 15,depart_01,post_01,1994/04/05,2024/06,role_01,email_15@email.com,12345
16,Employee 16,depart_01,post_01,1994/04/05,2024/06,role_01,email_16@email.com,12345
17,Employee 17,depart_01,post_01,1994/04/05,2024/06,role_01,email_17@email.com,12345
18,Employee 18,depart_01,post_01,1994/04/05,2024/06,role_01,email_18@email.com,12345
19,Employee 19,depart_01,post_01,1994/04/05,2024/06,role_01,email_19@email.com,12345
20,Employee 20,depart_01,post_01,1994/04/05,2024/06,role_01,email_20@email.com,12345
21,Employee 21,depart_01,post_01,1994/04/05,2024/06,role_01,email_21@email.com,12345
22,Employee 22,depart_01,post_01,1994/04/05,2024/06,role_01,email_22@email.com,12345
23,Employee 23,depart_01,post_01,1994/04/05,2024/06,role_01,email_23@email.com,12345
24,Employee 24,depart_01,post_01,1994/04/05,2024/06,role_01,email_24@email.com,12345
25,Employee 25,depart_01,post_01,1994/04/05,2024/06,role_01,email_25@email.com,12345
26,Employee 26,depart_01,post_01,1994/04/05,2024/06,role_01,email_26@email.com,12345
27,Employee 27,depart_01,post_01,1994/04/05,2024/06,role_01,email_27@email.com,12345
28,Employee 28,depart_01,post_01,1994/04/05,2024/06,role_01,email_28@email.com,12345
29,Employee 29,depart_01,post_01,1994/04/05,2024/06,role_01,email_29@email.com,12345
30,Employee 30,depart_01,post_01,1994/04/05,2024/06,role_01,email_30@email.com,12345
31,Employee 31,depart_01,post_01,1994/04/05,2024/06,role_01,email_31@email.com,12345
32,Employee 32,depart_01,post_01,1994/04/05,2024/06,role_01,email_32@email.com,12345
33,Employee 33,depart_01,post_01,1994/04/05,2024/06,role_01,email_33@email.com,12345
34,Employee 34,depart_01,post_01,1994/04/05,2024/06,role_01,email_34@email.com,12345
35,Employee 35,depart_01,post_01,1994/04/05,2024/06,role_01,email_35@email.com,12345
36,Employee 36,depart_01,post_01,1994/04/05,2024/06,role_01,email_36@email.com,12345
37,Employee 37,depart_01,post_01,1994/04/05,2024/06,role_01,email_37@email.com,12345
38,Employee 38,depart_01,post_01,1994/04/05,2024/06,role_01,email_38@email.com,12345
39,Employee 39,depart_01,post_01,1994/04/05,2024/06,role_01,email_39@email.com,12345
40,Employee 40,depart_01,post_01,1994/04/05,2024/06,role_01,email_40@email.com,12345
41,Employee 41,depart_01,post_01,1994/04/05,2024/06,role_01,email_41@email.com,12345
42,Employee 42,depart_01,post_01,1994/04/05,2024/06,role_01,email_42@email.com,12345
43,Employee 43,depart_01,post_01,1994/04/05,2024/06,role_01,email_43@email.com,12345
44,Employee 44,depart_01,post_01,1994/04/05,2024/06,role_01,email_44@email.com,12345
45,Employee 45,depart_01,post_01,1994/04/05,2024/06,role_01,email_45@email.com,12345
46,Employee 46,depart_01,post_01,1994/04/05,2024/06,role_01,email_46@email.com,12345
47,Employee 47,depart_01,post_01,1994/04/05,2024/06,role_01,email_47@email.com,12345
48,Employee 48,depart_01,post_01,1994/04/05,2024/06,role_01,email_48@email.com,12345
49,Employee 49,depart_01,post_01,1994/04/05,2024/06,role_01,email_49@email.com,12345
50,Employee 50,depart_01,post_01,1994/04/05,2024/06,role_01,email_50@email.com,12345
51,Employee 51,depart_01,post_01,1994/04/05,2024/06,role_01,email_51@email.com,12345
52,Employee 52,depart_01,post_01,1994/04/05,2024/06,role_01,email_52@email.com,12345
53,Employee 53,depart_01,post_01,1994/04/05,2024/06,role_01,email_53@email.com,12345
54,Employee 54,depart_01,post_01,1994/04/05,2024/06,role_01,email_54@email.com,12345
55,Employee 55,depart_01,post_01,1994/04/05,2024/06,role_01,email_55@email.com,12345
56,Employee 56,depart_01,post_01,1994/04/05,2024/06,role_01,email_56@email.com,12345
57,Employee 57,depart_01,post_01,1994/04/05,2024/06,role_01,email_57@email.com,12345
58,Employee 58,depart_01,post_01,1994/04/05,2024/06,role_01,email_58@email.com,12345
59,Employee 59,depart_01,post_01,1994/04/05,2024/06,role_01,email_59@email.com,12345
60,Employee 60,depart_01,post_01,1994/04/05,2024/06,role_01,email_60@email.com,12345
61,Employee 61,depart_01,post_01,1994/04/05,2024/06,role_01,email_61@email.com,12345
62,Employee 62,depart_01,post_01,1994/04/05,2024/06,role_01,email_62@email.com,12345
63,Employee 63,depart_01,post_01,1994/04/05,2024/06,role_01,email_63@email.com,12345
64,Employee 64,depart_01,post_01,1994/04/05,2024/06,role_01,email_64@email.com,12345
65,Employee 65,depart_01,post_01,1994/04/05,2024/06,role_01,email_65@email.com,12345
66,Employee 66,depart_01,post_01,1994/04/05,2024/06,role_01,email_66@email.com,12345
67,Employee 67,depart_01,post_01,1994/04/05,2024/06,role_01,email_67@email.com,12345
68,Employee 68,depart_01,post_01,1994/04/05,2024/06,role_01,email_68@email.com,12345
69,Employee 69,depart_01,post_01,1994/04/05,2024/06,role_01,email_69@email.com,12345
70,Employee 70,depart_01,post_01,1994/04/05,2024/06,role_01,email_70@email.com,12345
71,Employee 71,depart_01,post_01,1994/04/05,2024/06,role_01,email_71@email.com,12345
72,Employee 72,depart_01,post_01,1994/04/05,2024/06,role_01,email_72@email.com,12345
73,Employee 73,depart_01,post_01,1994/04/05,2024/06,role_01,email_73@email.com,12345
74,Employee 74,depart_01,post_01,1994/04/05,2024/06,role_01,email_74@email.com,12345
75,Employee 75,depart_01,post_01,1994/04/05,2024/06,role_01,email_75@email.com,12345
76,Employee 76,depart_01,post_01,1994/04/05,2024/06,role_01,email_76@email.com,12345
77,Employee 77,depart_01,post_01,1994/04/05,2024/06,role_01,email_77@email.com,12345
78,Employee 78,depart_01,post_01,1994/04/05,2024/06,role_01,email_78@email.com,12345
79,Employee 79,depart_01,post_01,1994/04/05,2024/06,role_01,email_79@email.com,12345
80,Employee 80,depart_01,post_01,1994/04/05,2024/06,role_01,email_80@email.com,12345
81,Employee 81,depart_01,post_01,1994/04/05,2024/06,role_01,email_81@email.com,12345
82,Employee 82,depart_01,post_01,1994/04/05,2024/06,role_01,email_82@email.com,12345
83,Employee 83,depart_01,post_01,1994/04/05,2024/06,role_01,email_83@email.com,12345
84,Employee 84,depart_01,post_01,1994/04/05,2024/06,role_01,email_84@email.com,12345
85,Employee 85,depart_01,post_01,1994/04/05,2024/06,role_01,email_85@email.com,12345
86,Employee 86,depart_01,post_01,1994/04/05,2024/06,role_01,email_86@email.com,12345
87,Employee 87,depart_01,post_01,1994/04/05,2024/06,role_01,email_87@email.com,12345
88,Employee 88,depart_01,post_01,1994/04/05,2024/06,role_01,email_88@email.com,12345
89,Employee 89,depart_01,post_01,1994/04/05,2024/06,role_01,email_89@email.com,12345
90,Employee 90,depart_01,post_01,1994/04/05,2024/06,role_01,email_90@email.com,12345
91,Employee 91,depart_01,post_01,1994/04/05,2024/06,role_01,email_91@email.com,12345
92,Employee 92,depart_01,post_01,1994/04/05,2024/06,role_01,email_92@email.com,12345
93,Employee 93,depart_01,post_01,1994/04/05,2024/06,role_01,email_93@email.com,12345
94,Employee 94,depart_01,post_01,1994/04/05,2024/06,role_01,email_94@email.com,12345
95,Employee 95,depart_01,post_01,1994/04/05,2024/06,role_01,email_95@email.com,12345
96,Employee 96,depart_01,post_01,1994/04/05,2024/06,role_01,email_96@email.com,12345
97,Employee 97,depart_01,post_01,1994/04/05,2024/06,role_01,email_97@email.com,12345
98,Employee 98,depart_01,post_01,1994/04/05,2024/06,role_01,email_98@email.com,12345
99,Employee 99,depart_01,post_01,1994/04/05,2024/06,role_01,email_99@email.com,12345
100,Employee 100,depart_01,post_01,1994/04/05,2024/06,role_01,email_100@email.com,12345
101,Employee 101,depart_01,post_01,1994/04/05,2024/06,role_01,email_101@email.com,12345
102,Employee 102,depart_01,post_01,1994/04/05,2024/06,role_01,email_102@email.com,12345
103,Employee 103,depart_01,post_01,1994/04/05,2024/06,role_01,email_103@email.com,12345
104,Employee 104,depart_01,post_01,1994/04/05,2024/06,role_01,email_104@email.com,12345
105,Employee 105,depart_01,post_01,1994/04/05,2024/06,role_01,email_105@email.com,12345
106,Employee 106,depart_01,post_01,1994/04/05,2024/06,role_01,email_106@email.com,12345
107,Employee 107,depart_01,post_01,1994/04/05,2024/06,role_01,email_107@email.com,12345
108,Employee 108,depart_01,post_01,1994/04/05,2024/06,role_01,email_108@email.com,12345
109,Employee 109,depart_01,post_01,1994/04/05,2024/06,role_01,email_109@email.com,12345
110,Employee 110,depart_01,post_01,1994/04/05,2024/06,role_01,email_110@email.com,12345
111,Employee 111,depart_01,post_01,1994/04/05,2024/06,role_01,email_111@email.com,12345
112,Employee 112,depart_01,post_01,1994/04/05,2024/06,role_01,email_112@email.com,12345
113,Employee 113,depart_01,post_01,1994/04/05,2024/06,role_01,email_113@email.com,12345
114,Employee 114,depart_01,post_01,1994/04/05,2024/06,role_01,email_114@email.com,12345
115,Employee 115,depart_01,post_01,1994/04/05,2024/06,role_01,email_115@email.com,12345
116,Employee 116,depart_01,post_01,1994/04/05,2024/06,role_01,email_116@email.com,12345
117,Employee 117,depart_01,post_01,1994/04/05,2024/06,role_01,email_117@email.com,12345
118,Employee 118,depart_01,post_01,1994/04/05,2024/06,role_01,email_118@email.com,12345
119,Employee 119,depart_01,post_01,1994/04/05,2024/06,role_01,email_119@email.com,12345
120,Employee 120,depart_01,post_01,1994/04/05,2024/06,role_01,email_120@email.com,12345
121,Employee 121,depart_01,post_01,1994/04/05,2024/06,role_01,email_121@email.com,12345
122,Employee 122,depart_01,post_01,1994/04/05,2024/06,role_01,email_122@email.com,12345
123,Employee 123,depart_01,post_01,1994/04/05,2024/06,role_01,email_123@email.com,12345
124,Employee 124,depart_01,post_01,1994/04/05,2024/06,role_01,email_124@email.com,12345
125,Employee 125,depart_01,post_01,1994/04/05,2024/06,role_01,email_125@email.com,12345
126,Employee 126,depart_01,post_01,1994/04/05,2024/06,role_01,email_126@email.com,12345
127,Employee 127,depart_01,post_01,1994/04/05,2024/06,role_01,email_127@email.com,12345
128,Employee 128,depart_01,post_01,1994/04/05,2024/06,role_01,email_128@email.com,12345
129,Employee 129,depart_01,post_01,1994/04/05,2024/06,role_01,email_129@email.com,12345
130,Employee 130,depart_01,post_01,1994/04/05,2024/06,role_01,email_130@email.com,12345
131,Employee 131,depart_01,post_01,1994/04/05,2024/06,role_01,email_131@email.com,12345
132,Employee 132,depart_01,post_01,1994/04/05,2024/06,role_01,email_132@email.com,12345
133,Employee 133,depart_01,post_01,1994/04/05,2024/06,role_01,email_133@email.com,12345
134,Employee 134,depart_01,post_01,1994/04/05,2024/06,role_01,email_134@email.com,12345
135,Employee 135,depart_01,post_01,1994/04/05,2024/06,role_01,email_135@email.com,12345
136,Employee 136,depart_01,post_01,1994/04/05,2024/06,role_01,email_136@email.com,12345
137,Employee 137,depart_01,post_01,1994/04/05,2024/06,role_01,email_137@email.com,12345
138,Employee 138,depart_01,post_01,1994/04/05,2024/06,role_01,email_138@email.com,12345
139,Employee 139,depart_01,post_01,1994/04/05,2024/06,role_01,email_139@email.com,12345
140,Employee 140,depart_01,post_01,1994/04/05,2024/06,role_01,email_140@email.com,12345
141,Employee 141,depart_01,post_01,1994/04/05,2024/06,role_01,email_141@email.com,12345
142,Employee 142,depart_01,post_01,1994/04/05,2024/06,role_01,email_142@email.com,12345
143,Employee 143,depart_01,post_01,1994/04/05,2024/06,role_01,email_143@email.com,12345
144,Employee 144,depart_01,post_01,1994/04/05,2024/06,role_01,email_144@email.com,12345
145,Employee 145,depart_01,post_01,1994/04/05,2024/06,role_01,email_145@email.com,12345
146,Employee 146,depart_01,post_01,1994/04/05,2024/06,role_01,email_146@email.com,12345
147,Employee 147,depart_01,post_01,1994/04/05,2024/06,role_01,email_147@email.com,12345
148,Employee 148,depart_01,post_01,1994/04/05,2024/06,role_01,email_148@email.com,12345
149,Employee 149,depart_01,post_01,1994/04/05,2024/06,role_01,email_149@email.com,12345
150,Employee 150,depart_01,post_01,1994/04/05,2024/06,role_01,email_150@email.com,12345
151,Employee 151,depart_01,post_01,1994/04/05,2024/06,role_01,email_151@email.com,12345
152,Employee 152,depart_01,post_01,1994/04/05,2024/06,role_01,email_152@email.com,12345
153,Employee 153,depart_01,post_01,1994/04/05,2024/06,role_01,email_153@email.com,12345
154,Employee 154,depart_01,post_01,1994/04/05,2024/06,role_01,email_154@email.com,12345
155,Employee 155,depart_01,post_01,1994/04/05,2024/06,role_01,email_155@email.com,12345
156,Employee 156,depart_01,post_01,1994/04/05,2024/06,role_01,email_156@email.com,12345
157,Employee 157,depart_01,post_01,1994/04/05,2024/06,role_01,email_157@email.com,12345
158,Employee 158,depart_01,post_01,1994/04/05,2024/06,role_01,email_158@email.com,12345
159,Employee 159,depart_01,post_01,1994/04/05,2024/06,role_01,email_159@email.com,12345
160,Employee 160,depart_01,post_01,1994/04/05,2024/06,role_01,email_160@email.com,12345
161,Employee 161,depart_01,post_01,1994/04/05,2024/06,role_01,email_161@email.com,12345
162,Employee 162,depart_01,post_01,1994/04/05,2024/06,role_01,email_162@email.com,12345
163,Employee 163,depart_01,post_01,1994/04/05,2024/06,role_01,email_163@email.com,12345
164,Employee 164,depart_01,post_01,1994/04/05,2024/06,role_01,email_164@email.com,12345
165,Employee 165,depart_01,post_01,1994/04/05,2024/06,role_01,email_165@email.com,12345
166,Employee 166,depart_01,post_01,1994/04/05,2024/06,role_01,email_166@email.com,12345
167,Employee 167,depart_01,post_01,1994/04/05,2024/06,role_01,email_167@email.com,12345
168,Employee 168,depart_01,post_01,1994/04/05,2024/06,role_01,email_168@email.com,12345
169,Employee 169,depart_01,post_01,1994/04/05,2024/06,role_01,email_169@email.com,12345
170,Employee 170,depart_01,post_01,1994/04/05,2024/06,role_01,email_170@email.com,12345
171,Employee 171,depart_01,post_01,1994/04/05,2024/06,role_01,email_171@email.com,12345
172,Employee 172,depart_01,post_01,1994/04/05,2024/06,role_01,email_172@email.com,12345
173,Employee 173,depart_01,post_01,1994/04/05,2024/06,role_01,email_173@email.com,12345
174,Employee 174,depart_01,post_01,1994/04/05,2024/06,role_01,email_174@email.com,12345
175,Employee 175,depart_01,post_01,1994/04/05,2024/06,role_01,email_175@email.com,12345
176,Employee 176,depart_01,post_01,1994/04/05,2024/06,role_01,email_176@email.com,12345
177,Employee 177,depart_01,post_01,1994/04/05,2024/06,role_01,email_177@email.com,12345
178,Employee 178,depart_01,post_01,1994/04/05,2024/06,role_01,email_178@email.com,12345
179,Employee 179,depart_01,post_01,1994/04/05,2024/06,role_01,email_179@email.com,12345
180,Employee 180,depart_01,post_01,1994/04/05,2024/06,role_01,email_180@email.com,12345
181,Employee 181,depart_01,post_01,1994/04/05,2024/06,role_01,email_181@email.com,12345
182,Employee 182,depart_01,post_01,1994/04/05,2024/06,role_01,email_182@email.com,12345
183,Employee 183,depart_01,post_01,1994/04/05,2024/06,role_01,email_183@email.com,12345
184,Employee 184,depart_01,post_01,1994/04/05,2024/06,role_01,email_184@email.com,12345
185,Employee 185,depart_01,post_01,1994/04/05,2024/06,role_01,email_185@email.com,12345
186,Employee 186,depart_01,post_01,1994/04/05,2024/06,role_01,email_186@email.com,12345
187,Employee 187,depart_01,post_01,1994/04/05,2024/06,role_01,email_187@email.com,12345
188,Employee 188,depart_01,post_01,1994/04/05,2024/06,role_01,email_188@email.com,12345
189,Employee 189,depart_01,post_01,1994/04/05,2024/06,role_01,email_189@email.com,12345
190,Employee 190,depart_01,post_01,1994/04/05,2024/06,role_01,email_190@email.com,12345
191,Employee 191,depart_01,post_01,1994/04/05,2024/06,role_01,email_191@email.com,12345
192,Employee 192,depart_01,post_01,1994/04/05,2024/06,role_01,email_192@email.com,12345
193,Employee 193,depart_01,post_01,1994/04/05,2024/06,role_01,email_193@email.com,12345
194,Employee 194,depart_01,post_01,1994/04/05,2024/06,role_01,email_194@email.com,12345
195,Employee 195,depart_01,post_01,1994/04/05,2024/06,role_01,email_195@email.com,12345
196,Employee 196,depart_01,post_01,1994/04/05,2024/06,role_01,email_196@email.com,12345
197,Employee 197,depart_01,post_01,1994/04/05,2024/06,role_01,email_197@email.com,12345
198,Employee 198,depart_01,post_01,1994/04/05,2024/06,role_01,email_198@email.com,12345
199,Employee 199,depart_01,post_01,1994/04/05,2024/06,role_01,email_199@email.com,12345
200,Employee 200,depart_01,post_01,1994/04/05,2024/06,role_01,email_200@email.com,12345
201,Employee 201,depart_01,post_01,1994/04/05,2024/06,role_01,email_201@email.com,12345
202,Employee 202,depart_01,post_01,1994/04/05,2024/06,role_01,email_202@email.com,12345
203,Employee 203,depart_01,post_01,1994/04/05,2024/06,role_01,email_203@email.com,12345
204,Employee 204,depart_01,post_01,1994/04/05,2024/06,role_01,email_204@email.com,12345
205,Employee 205,depart_01,post_01,1994/04/05,2024/06,role_01,email_205@email.com,12345
206,Employee 206,depart_01,post_01,1994/04/05,2024/06,role_01,email_206@email.com,12345
207,Employee 207,depart_01,post_01,1994/04/05,2024/06,role_01,email_207@email.com,12345
208,Employee 208,depart_01,post_01,1994/04/05,2024/06,role_01,email_208@email.com,12345
209,Employee 209,depart_01,post_01,1994/04/05,2024/06,role_01,email_209@email.com,12345
210,Employee 210,depart_01,post_01,1994/04/05,2024/06,role_01,email_210@email.com,12345
211,Employee 211,depart_01,post_01,1994/04/05,2024/06,role_01,email_211@email.com,12345
212,Employee 212,depart_01,post_01,1994/04/05,2024/06,role_01,email_212@email.com,12345
213,Employee 213,depart_01,post_01,1994/04/05,2024/06,role_01,email_213@email.com,12345
214,Employee 214,depart_01,post_01,1994/04/05,2024/06,role_01,email_214@email.com,12345
215,Employee 215,depart_01,post_01,1994/04/05,2024/06,role_01,email_215@email.com,12345
216,Employee 216,depart_01,post_01,1994/04/05,2024/06,role_01,email_216@email.com,12345
217,Employee 217,depart_01,post_01,1994/04/05,2024/06,role_01,email_217@email.com,12345
218,Employee 218,depart_01,post_01,1994/04/05,2024/06,role_01,email_218@email.com,12345
219,Employee 219,depart_01,post_01,1994/04/05,2024/06,role_01,email_219@email.com,12345
220,Employee 220,depart_01,post_01,1994/04/05,2024/06,role_01,email_220@email.com,12345
221,Employee 221,depart_01,post_01,1994/04/05,2024/06,role_01,email_221@email.com,12345
222,Employee 222,depart_01,post_01,1994/04/05,2024/06,role_01,email_222@email.com,12345
223,Employee 223,depart_01,post_01,1994/04/05,2024/06,role_01,email_223@email.com,12345
224,Employee 224,depart_01,post_01,1994/04/05,2024/06,role_01,email_224@email.com,12345
225,Employee 225,depart_01,post_01,1994/04/05,2024/06,role_01,email_225@email.com,12345
226,Employee 226,depart_01,post_01,1994/04/05,2024/06,role_01,email_226@email.com,12345
227,Employee 227,depart_01,post_01,1994/04/05,2024/06,role_01,email_227@email.com,12345
228,Employee 228,depart_01,post_01,1994/04/05,2024/06,role_01,email_228@email.com,12345
229,Employee 229,depart_01,post_01,1994/04/05,2024/06,role_01,email_229@email.com,12345
230,Employee 230,depart_01,post_01,1994/04/05,2024/06,role_01,email_230@email.com,12345
231,Employee 231,depart_01,post_01,1994/04/05,2024/06,role_01,email_231@email.com,12345
232,Employee 232,depart_01,post_01,1994/04/05,2024/06,role_01,email_232@email.com,12345
233,Employee 233,depart_01,post_01,1994/04/05,2024/06,role_01,email_233@email.com,12345
234,Employee 234,depart_01,post_01,1994/04/05,2024/06,role_01,email_234@email.com,12345
235,Employee 235,depart_01,post_01,1994/04/05,2024/06,role_01,email_235@email.com,12345
236,Employee 236,depart_01,post_01,1994/04/05,2024/06,role_01,email_236@email.com,12345
237,Employee 237,depart_01,post_01,1994/04/05,2024/06,role_01,email_237@email.com,12345
238,Employee 238,depart_01,post_01,1994/04/05,2024/06,role_01,email_238@email.com,12345
239,Employee 239,depart_01,post_01,1994/04/05,2024/06,role_01,email_239@email.com,12345
240,Employee 240,depart_01,post_01,1994/04/05,2024/06,role_01,email_240@email.com,12345
241,Employee 241,depart_01,post_01,1994/04/05,2024/06,role_01,email_241@email.com,12345
242,Employee 242,depart_01,post_01,1994/04/05,2024/06,role_01,email_242@email.com,12345
243,Employee 243,depart_01,post_01,1994/04/05,2024/06,role_01,email_243@email.com,12345
244,Employee 244,depart_01,post_01,1994/04/05,2024/06,role_01,email_244@email.com,12345
245,Employee 245,depart_01,post_01,1994/04/05,2024/06,role_01,email_245@email.com,12345
246,Employee 246,depart_01,post_01,1994/04/05,2024/06,role_01,email_246@email.com,12345
247,Employee 247,depart_01,post_01,1994/04/05,2024/06,role_01,email_247@email.com,12345
248,Employee 248,depart_01,post_01,1994/04/05,2024/06,role_01,email_248@email.com,12345
249,Employee 249,depart_01,post_01,1994/04/05,2024/06,role_01,email_249@email.com,12345
250,Employee 250,depart_01,post_01,1994/04/05,2024/06,role_01,email_250@email.com,12345
251,Employee 251,depart_01,post_01,1994/04/05,2024/06,role_01,email_251@email.com,12345
252,Employee 252,depart_01,post_01,1994/04/05,2024/06,role_01,email_252@email.com,12345
253,Employee 253,depart_01,post_01,1994/04/05,2024/06,role_01,email_253@email.com,12345
254,Employee 254,depart_01,post_01,1994/04/05,2024/06,role_01,email_254@email.com,12345
255,Employee 255,depart_01,post_01,1994/04/05,2024/06,role_01,email_255@email.com,12345
256,Employee 256,depart_01,post_01,1994/04/05,2024/06,role_01,email_256@email.com,12345
257,Employee 257,depart_01,post_01,1994/04/05,2024/06,role_01,email_257@email.com,12345
258,Employee 258,depart_01,post_01,1994/04/05,2024/06,role_01,email_258@email.com,12345
259,Employee 259,depart_01,post_01,1994/04/05,2024/06,role_01,email_259@email.com,12345
260,Employee 260,depart_01,post_01,1994/04/05,2024/06,role_01,email_260@email.com,12345
261,Employee 261,depart_01,post_01,1994/04/05,2024/06,role_01,email_261@email.com,12345
262,Employee 262,depart_01,post_01,1994/04/05,2024/06,role_01,email_262@email.com,12345
263,Employee 263,depart_01,post_01,1994/04/05,2024/06,role_01,email_263@email.com,12345
264,Employee 264,depart_01,post_01,1994/04/05,2024/06,role_01,email_264@email.com,12345
265,Employee 265,depart_01,post_01,1994/04/05,2024/06,role_01,email_265@email.com,12345
266,Employee 266,depart_01,post_01,1994/04/05,2024/06,role_01,email_266@email.com,12345
267,Employee 267,depart_01,post_01,1994/04/05,2024/06,role_01,email_267@email.com,12345
268,Employee 268,depart_01,post_01,1994/04/05,2024/06,role_01,email_268@email.com,12345
269,Employee 269,depart_01,post_01,1994/04/05,2024/06,role_01,email_269@email.com,12345
270,Employee 270,depart_01,post_01,1994/04/05,2024/06,role_01,email_270@email.com,12345
271,Employee 271,depart_01,post_01,1994/04/05,2024/06,role_01,email_271@email.com,12345
272,Employee 272,depart_01,post_01,1994/04/05,2024/06,role_01,email_272@email.com,12345
273,Employee 273,depart_01,post_01,1994/04/05,2024/06,role_01,email_273@email.com,12345
274,Employee 274,depart_01,post_01,1994/04/05,2024/06,role_01,email_274@email.com,12345
275,Employee 275,depart_01,post_01,1994/04/05,2024/06,role_01,email_275@email.com,12345
276,Employee 276,depart_01,post_01,1994/04/05,2024/06,role_01,email_276@email.com,12345
277,Employee 277,depart_01,post_01,1994/04/05,2024/06,role_01,email_277@email.com,12345
278,Employee 278,depart_01,post_01,1994/04/05,2024/06,role_01,email_278@email.com,12345
279,Employee 279,depart_01,post_01,1994/04/05,2024/06,role_01,email_279@email.com,12345
280,Employee 280,depart_01,post_01,1994/04/05,2024/06,role_01,email_280@email.com,12345
281,Employee 281,depart_01,post_01,1994/04/05,2024/06,role_01,email_281@email.com,12345
282,Employee 282,depart_01,post_01,1994/04/05,2024/06,role_01,email_282@email.com,12345
283,Employee 283,depart_01,post_01,1994/04/05,2024/06,role_01,email_283@email.com,12345
284,Employee 284,depart_01,post_01,1994/04/05,2024/06,role_01,email_284@email.com,12345
285,Employee 285,depart_01,post_01,1994/04/05,2024/06,role_01,email_285@email.com,12345
286,Employee 286,depart_01,post_01,1994/04/05,2024/06,role_01,email_286@email.com,12345
287,Employee 287,depart_01,post_01,1994/04/05,2024/06,role_01,email_287@email.com,12345
288,Employee 288,depart_01,post_01,1994/04/05,2024/06,role_01,email_288@email.com,12345
289,Employee 289,depart_01,post_01,1994/04/05,2024/06,role_01,email_289@email.com,12345
290,Employee 290,depart_01,post_01,1994/04/05,2024/06,role_01,email_290@email.com,12345
291,Employee 291,depart_01,post_01,1994/04/05,2024/06,role_01,email_291@email.com,12345
292,Employee 292,depart_01,post_01,1994/04/05,2024/06,role_01,email_292@email.com,12345
293,Employee 293,depart_01,post_01,1994/04/05,2024/06,role_01,email_293@email.com,12345
294,Employee 294,depart_01,post_01,1994/04/05,2024/06,role_01,email_294@email.com,12345
295,Employee 295,depart_01,post_01,1994/04/05,2024/06,role_01,email_295@email.com,12345
296,Employee 296,depart_01,post_01,1994/04/05,2024/06,role_01,email_296@email.com,12345
297,Employee 297,depart_01,post_01,1994/04/05,2024/06,role_01,email_297@email.com,12345
298,Employee 298,depart_01,post_01,1994/04/05,2024/06,role_01,email_298@email.com,12345
299,Employee 299,depart_01,post_01,1994/04/05,2024/06,role_01,email_299@email.com,12345
300,Employee 300,depart_01,post_01,1994/04/05,2024/06,role_01,email_300@email.com,12345
301,Employee 301,depart_01,post_01,1994/04/05,2024/06,role_01,email_301@email.com,12345
302,Employee 302,depart_01,post_01,1994/04/05,2024/06,role_01,email_302@email.com,12345
303,Employee 303,depart_01,post_01,1994/04/05,2024/06,role_01,email_303@email.com,12345
304,Employee 304,depart_01,post_01,1994/04/05,2024/06,role_01,email_304@email.com,12345
305,Employee 305,depart_01,post_01,1994/04/05,2024/06,role_01,email_305@email.com,12345
306,Employee 306,depart_01,post_01,1994/04/05,2024/06,role_01,email_306@email.com,12345
307,Employee 307,depart_01,post_01,1994/04/05,2024/06,role_01,email_307@email.com,12345
308,Employee 308,depart_01,post_01,1994/04/05,2024/06,role_01,email_308@email.com,12345
309,Employee 309,depart_01,post_01,1994/04/05,2024/06,role_01,email_309@email.com,12345
310,Employee 310,depart_01,post_01,1994/04/05,2024/06,role_01,email_310@email.com,12345
311,Employee 311,depart_01,post_01,1994/04/05,2024/06,role_01,email_311@email.com,12345
312,Employee 312,depart_01,post_01,1994/04/05,2024/06,role_01,email_312@email.com,12345
313,Employee 313,depart_01,post_01,1994/04/05,2024/06,role_01,email_313@email.com,12345
314,Employee 314,depart_01,post_01,1994/04/05,2024/06,role_01,email_314@email.com,12345
315,Employee 315,depart_01,post_01,1994/04/05,2024/06,role_01,email_315@email.com,12345
316,Employee 316,depart_01,post_01,1994/04/05,2024/06,role_01,email_316@email.com,12345
317,Employee 317,depart_01,post_01,1994/04/05,2024/06,role_01,email_317@email.com,12345
318,Employee 318,depart_01,post_01,1994/04/05,2024/06,role_01,email_318@email.com,12345
319,Employee 319,depart_01,post_01,1994/04/05,2024/06,role_01,email_319@email.com,12345
320,Employee 320,depart_01,post_01,1994/04/05,2024/06,role_01,email_320@email.com,12345
321,Employee 321,depart_01,post_01,1994/04/05,2024/06,role_01,email_321@email.com,12345
322,Employee 322,depart_01,post_01,1994/04/05,2024/06,role_01,email_322@email.com,12345
323,Employee 323,depart_01,post_01,1994/04/05,2024/06,role_01,email_323@email.com,12345
324,Employee 324,depart_01,post_01,1994/04/05,2024/06,role_01,email_324@email.com,12345
325,Employee 325,depart_01,post_01,1994/04/05,2024/06,role_01,email_325@email.com,12345
326,Employee 326,depart_01,post_01,1994/04/05,2024/06,role_01,email_326@email.com,12345
327,Employee 327,depart_01,post_01,1994/04/05,2024/06,role_01,email_327@email.com,12345
328,Employee 328,depart_01,post_01,1994/04/05,2024/06,role_01,email_328@email.com,12345
329,Employee 329,depart_01,post_01,1994/04/05,2024/06,role_01,email_329@email.com,12345
330,Employee 330,depart_01,post_01,1994/04/05,2024/06,role_01,email_330@email.com,12345
331,Employee 331,depart_01,post_01,1994/04/05,2024/06,role_01,email_331@email.com,12345
332,Employee 332,depart_01,post_01,1994/04/05,2024/06,role_01,email_332@email.com,12345
333,Employee 333,depart_01,post_01,1994/04/05,2024/06,role_01,email_333@email.com,12345
334,Employee 334,depart_01,post_01,1994/04/05,2024/06,role_01,email_334@email.com,12345
335,Employee 335,depart_01,post_01,1994/04/05,2024/06,role_01,email_335@email.com,12345
336,Employee 336,depart_01,post_01,1994/04/05,2024/06,role_01,email_336@email.com,12345
337,Employee 337,depart_01,post_01,1994/04/05,2024/06,role_01,email_337@email.com,12345
338,Employee 338,depart_01,post_01,1994/04/05,2024/06,role_01,email_338@email.com,12345
339,Employee 339,depart_01,post_01,1994/04/05,2024/06,role_01,email_339@email.com,12345
340,Employee 340,depart_01,post_01,1994/04/05,2024/06,role_01,email_340@email.com,12345
341,Employee 341,depart_01,post_01,1994/04/05,2024/06,role_01,email_341@email.com,12345
342,Employee 342,depart_01,post_01,1994/04/05,2024/06,role_01,email_342@email.com,12345
343,Employee 343,depart_01,post_01,1994/04/05,2024/06,role_01,email_343@email.com,12345
344,Employee 344,depart_01,post_01,1994/04/05,2024/06,role_01,email_344@email.com,12345
345,Employee 345,depart_01,post_01,1994/04/05,2024/06,role_01,email_345@email.com,12345